subject_id,index_hadm_id,index_admittime,index_dischtime,gender,anchor_age,dod,readmission_date,event,event_date,time_to_event_days,event_label
10002428,25797028,2155-07-14 19:15:00,2155-07-15 18:37:00,F,80,,2156-04-12 14:16:00,0,,180.0,censored
10002495,24982426,2141-05-22 20:17:00,2141-05-29 17:41:00,M,81,,,0,,180.0,censored
10003400,26090619,2134-06-06 02:25:00,2134-06-07 15:05:00,F,72,2137-09-02,2136-11-04 20:43:00,0,,180.0,censored
10004235,24181354,2196-02-24 14:38:00,2196-03-04 14:02:00,M,47,,2196-06-14 08:30:00,1,2196-06-14 08:30:00,101.76944444444445,readmission
10004457,21039249,2140-09-17 13:41:00,2140-09-18 12:40:00,M,65,,2141-08-12 16:02:00,0,,180.0,censored
10005817,20626031,2132-12-12 01:43:00,2132-12-20 15:04:00,M,66,2135-01-19,2135-01-03 21:54:00,0,,180.0,censored
10010471,21322534,2155-05-08 17:05:00,2155-05-10 18:55:00,F,89,2155-12-07,2155-12-02 19:36:00,0,,180.0,censored
10012853,26369609,2175-04-05 15:36:00,2175-04-10 16:55:00,F,91,,2176-06-06 18:09:00,0,,180.0,censored
10014354,22741225,2146-10-08 23:47:00,2146-10-12 18:20:00,M,60,,2146-11-09 01:53:00,1,2146-11-09 01:53:00,27.314583333333335,readmission
10015272,27993466,2137-06-12 18:36:00,2137-06-18 15:45:00,F,78,,,0,,180.0,censored
10015931,28157142,2176-11-14 18:02:00,2176-11-27 13:30:00,M,87,2177-03-29,2176-12-16 23:31:00,1,2176-12-16 23:31:00,19.417361111111113,readmission
10018081,21027282,2133-12-18 16:58:00,2134-01-12 11:00:00,M,79,2134-10-28,2134-08-02 07:15:00,0,,180.0,censored
10018328,26706939,2154-02-05 21:58:00,2154-02-09 15:15:00,F,83,,2154-04-24 03:15:00,1,2154-04-24 03:15:00,73.5,readmission
10019003,28003918,2148-12-21 07:15:00,2148-12-24 17:10:00,F,65,2155-12-03,2153-03-27 23:25:00,0,,180.0,censored
10020306,28778757,2129-10-29 08:00:00,2129-10-30 13:20:00,F,74,,2133-05-05 05:43:00,0,,180.0,censored
10021666,22756440,2172-03-12 23:47:00,2172-03-23 15:40:00,M,87,2172-04-19,,2,2172-04-19 00:00:00,26.34722222222222,death
10021938,23112364,2181-10-13 01:48:00,2181-10-14 17:40:00,M,65,2182-10-16,2181-10-25 10:44:00,1,2181-10-25 10:44:00,10.71111111111111,readmission
10023117,29839885,2170-10-08 07:15:00,2170-10-09 16:30:00,M,53,2175-07-20,2171-11-07 21:37:00,0,,180.0,censored
10027445,26275841,2142-07-31 00:32:00,2142-08-09 17:30:00,F,48,2146-02-09,2142-08-27 21:05:00,1,2142-08-27 21:05:00,18.149305555555557,readmission
10037861,24256866,2115-10-09 20:28:00,2115-10-18 16:50:00,M,77,2117-03-24,2117-03-14 16:34:00,0,,180.0,censored
10038992,22797747,2185-11-02 18:26:00,2185-11-08 16:22:00,M,70,,2187-07-29 01:05:00,0,,180.0,censored
10038999,27189241,2131-05-22 21:49:00,2131-06-04 13:43:00,M,45,,2132-05-17 23:32:00,0,,180.0,censored
10039708,20572787,2138-10-30 23:30:00,2138-11-06 23:30:00,F,46,,2140-01-23 16:19:00,0,,180.0,censored
10040025,27125816,2143-03-18 12:34:00,2143-03-19 12:00:00,F,64,2148-02-07,2145-07-03 23:46:00,0,,180.0,censored
